TITLE,COMPANY,LOCATION,LINK,POSTED
Information Architect - Commercial Bank | Data Management,"JPMorgan Chase Bank, N.A.
                ","
Plano, TX                ",https://stackoverflow.com//jobs/471769/information-architect-commercial-bank-data-jpmorgan-chase-bank-na,yesterday
Senior .NET C# Developer,,via,https://stackoverflow.com//jobs/432593/senior-net-c-sharp-developer-edm-group,11d ago
DevOps Engineer - Managed Cloud Services,"Esri
                ","
Redlands, CA                ",https://stackoverflow.com//jobs/410783/devops-engineer-managed-cloud-services-esri,yesterday
Customer Solution Architect,"Boehringer Ingelheim
                ","
Barcelona, Spain                ",https://stackoverflow.com//jobs/435260/customer-solution-architect-boehringer-ingelheim,5d ago
"Staff Data Engineer - Data Platform - Scala, Java, Hadoop, Spark","Socure
                ","
No office location                ",https://stackoverflow.com//jobs/450550/staff-data-engineer-data-platform-scala-java-socure,17d ago
Applications and Infrastructure Support Analyst,"JPMorgan Chase Bank, N.A.
                ","
Chicago, IL                ",https://stackoverflow.com//jobs/471981/applications-and-infrastructure-support-analyst-jpmorgan-chase-bank-na,16h ago
Front-end Engineer,"Glowforge
                ","
Seattle, WA                ",https://stackoverflow.com//jobs/376905/front-end-engineer-glowforge,17d ago
Cobol Developer Birmingham,"Objectway
                ","
Birmingham, UK                ",https://stackoverflow.com//jobs/457938/cobol-developer-birmingham-objectway,6d ago
.NET C# Developer,,via,https://stackoverflow.com//jobs/432592/net-c-sharp-developer-edm-group,11d ago
Cloud Solutions Architect,"Delta-N
                ","
The Hague, Netherlands                ",https://stackoverflow.com//jobs/400067/cloud-solutions-architect-delta-n,10d ago
Cloud Architect,"Jumbo Supermarkets
                ","
Veghel, Netherlands                ",https://stackoverflow.com//jobs/468932/cloud-architect-jumbo-supermarkets,9d ago
Tech Director,"Trafilea
                ","
No office location                ",https://stackoverflow.com//jobs/463727/tech-director-trafilea,21d ago
Senior Amazon Web Services (AWS) Developer,"springbig inc.
                ","
Boca Raton, FL                ",https://stackoverflow.com//jobs/435276/senior-amazon-web-services-aws-developer-springbig-inc,21d ago
Cobol Developer,"Objectway
                ","
London, UK                ",https://stackoverflow.com//jobs/457939/cobol-developer-objectway,6d ago
Frontend Lead (Angular),"Neocles
                ","
Amsterdam, Netherlands                ",https://stackoverflow.com//jobs/371094/frontend-lead-angular-neocles,11d ago
Senior Sales Engineer,"Gruntwork
                ","
Boston, MA                ",https://stackoverflow.com//jobs/457038/senior-sales-engineer-gruntwork,11d ago
Principal/Senior Android Engineer - Infra (f/m/d),"Delivery Hero SE
                ","
Berlin, Germany                ",https://stackoverflow.com//jobs/417139/principal-senior-android-engineer-infra-f-m-d-delivery-hero-se,23d ago
Senior DevOps Engineer,"Olo
                ","
No office location                ",https://stackoverflow.com//jobs/410138/senior-devops-engineer-olo,12d ago
Applications Support Engineer,"JPMorgan Chase Bank, N.A.
                ","
Plano, TX                ",https://stackoverflow.com//jobs/467976/applications-support-engineer-jpmorgan-chase-bank-na,10d ago
Securities Services - Digital Channels Portal Product Development Lead - VP,"JPMorgan Chase Bank, N.A.
                ","
London, UK                ",https://stackoverflow.com//jobs/471750/securities-services-digital-channels-portal-jpmorgan-chase-bank-na,yesterday
Senior Engineer (.Net),"ASOS
                ","
Birmingham, UK                ",https://stackoverflow.com//jobs/421088/senior-engineer-net-asos,29d ago
C++ Rendering Engineer,"Electronic Arts Pty Ltd (Firemonkeys)
                ","
Docklands, Australia                ",https://stackoverflow.com//jobs/448295/c-plus-plus-rendering-engineer-electronic-arts-pty-ltd,5d ago
Software Engineer II (Java/Spring/AWS),"Comscore, Inc.
                ","
Santiago, Chile                ",https://stackoverflow.com//jobs/428599/software-engineer-ii-java-spring-aws-comscore-inc,21d ago
Fullstack Developer? Join us on our global growth journey!,"Benify
                ","
Göteborg, Sweden                ",https://stackoverflow.com//jobs/370704/fullstack-developer-join-us-on-our-global-growth-benify,21d ago
iOS Engineer,"Bending Spoons
                ","
Milano, Italy                ",https://stackoverflow.com//jobs/459686/ios-engineer-bending-spoons,4d ago
Software Engineer,Genesys,Galway,https://ie.indeed.com/rc/clk?jk=690a03c2d5b095d9&fccid=78ba8c9950e5297a&vjs=3,1 day ago
Data Engineer,Teamwork.com,Cork,https://ie.indeed.com/rc/clk?jk=5260990dab918b04&fccid=f553e9c476a386a3&vjs=3,30+ days ago
Security Engineer (Remote),Couchbase,Dublin,https://ie.indeed.com/rc/clk?jk=8ca210feea8e0cf9&fccid=587ca793c0027a4f&vjs=3,30+ days ago
Team Lead Cloud Software,Mentor Graphics (Ireland) Limited,"Shannon, County Clare",https://ie.indeed.com/rc/clk?jk=57b7cfacde57ef4a&fccid=3b89b9ec324f96c8&vjs=3,9 days ago
"Manager, Site Reliability Engineering - Opportunity for Working Remotely , Cork",Pivotal,Cork,https://ie.indeed.com/rc/clk?jk=fd6c5f39aaf29527&fccid=8e0224999c555006&vjs=3,30+ days ago
Software Engineer,f5,Cork,https://ie.indeed.com/rc/clk?jk=be98a598a0eaa092&fccid=9b3ae8c6fdf5bade&vjs=3,30+ days ago
Security Detection Engineer,Workday,Dublin,https://ie.indeed.com/rc/clk?jk=fc2ab48586577a79&fccid=9ac45d217f8342a1&vjs=3,9 days ago
Backend Engineer - Tech Platform,Personio GmbH,Dublin,https://ie.indeed.com/rc/clk?jk=f89c286fa54eaca4&fccid=835d0ecd46f355f5&vjs=3,3 days ago
Senior Software Engineer - CTO,Dell Technologies,Cork,https://ie.indeed.com/rc/clk?jk=10e631705f70fe29&fccid=dd09fe3b43125016&vjs=3,2 days ago
Senior Software Engineer,FabFitFun,Dublin,https://ie.indeed.com/rc/clk?jk=a33f58bf496ffe62&fccid=53aaa6a330569a86&vjs=3,30+ days ago
Senior Software Engineer (Payments),FabFitFun,Dublin,https://ie.indeed.com/rc/clk?jk=e19dbb98006d8f90&fccid=53aaa6a330569a86&vjs=3,30+ days ago
Cloud Software Platform Developer,Hewlett Packard Enterprise,Galway,https://ie.indeed.com/rc/clk?jk=d09d64c76be0a57b&fccid=216eb700022de6f6&vjs=3,13 days ago
Senior Cloud Software Architect,Mentor Graphics (Ireland) Limited,"Shannon, County Clare",https://ie.indeed.com/rc/clk?jk=45fc05bb4dae743e&fccid=3b89b9ec324f96c8&vjs=3,9 days ago
Software Development Engineer,Amazon Dev Centre Ireland Ltd,Dublin,https://ie.indeed.com/rc/clk?jk=33be790f7d79d6c6&fccid=fe2d21eef233e94a&vjs=3,30+ days ago
Cloud Engineer - Site Reliability Infrastructure (Golang),Couchbase,Dublin,https://ie.indeed.com/rc/clk?jk=2a9280c43d5fbfb2&fccid=587ca793c0027a4f&vjs=3,30+ days ago
Software Engineer - SRE,"Groupon, Inc.",Dublin,https://ie.indeed.com/rc/clk?jk=655697cd07edc60b&fccid=863ad2cc91c92c82&vjs=3,30+ days ago
DevOps Engineer,Houghton Mifflin Harcourt,Dublin,https://ie.indeed.com/rc/clk?jk=c068aeac4607694b&fccid=de944fd9a81b62b0&vjs=3,9 days ago
Open RAN Developer/SME,Dell Technologies,Cork,https://ie.indeed.com/rc/clk?jk=32bc730fb434c94c&fccid=dd09fe3b43125016&vjs=3,30+ days ago
"Lead Software Engineer - Dublin, Ireland",UnitedHealth Group,Dublin,https://ie.indeed.com/rc/clk?jk=728943e469667224&fccid=d3d3520998346837&vjs=3,2 days ago
Software Engineer x 5,Berkley Recruitment Group,Cork,https://ie.indeed.com/rc/clk?jk=9bcb9e5c1545404e&fccid=156e37836c4121f8&vjs=3,20 days ago
"Software Development Engineer, Amazon Elastic Compute Cloud (Amazon EC2)",Amazon Dev Centre Ireland Ltd,Dublin,https://ie.indeed.com/rc/clk?jk=a20ef57b378b809e&fccid=fe2d21eef233e94a&vjs=3,23 days ago
Senior Front-End Web Developer,Routematch by Uber,Waterford,https://ie.indeed.com/rc/clk?jk=969af26da912f796&fccid=692350260563648f&vjs=3,30+ days ago
Senior Cloud DevOps Engineer,Mentor Graphics (Ireland) Limited,"Shannon, County Clare",https://ie.indeed.com/rc/clk?jk=e27bd144c103542e&fccid=3b89b9ec324f96c8&vjs=3,8 days ago
Senior Frontend Engineer - Cloud (TypeScript),Couchbase,Dublin,https://ie.indeed.com/rc/clk?jk=c4b98b4f1adab4ec&fccid=587ca793c0027a4f&vjs=3,30+ days ago
Senior Site Reliability Engineer,SAP,Dublin,https://ie.indeed.com/rc/clk?jk=de67f2e709c6f610&fccid=156c7820d1988640&vjs=3,26 days ago
Senior Security Engineer – Detection,Workday,Dublin,https://ie.indeed.com/rc/clk?jk=6b5c13e2efc9ea5c&fccid=9ac45d217f8342a1&vjs=3,30+ days ago
Senior Software Development Engineer - Workday Extend DevOps/SRE EMEA,Workday,Dublin,https://ie.indeed.com/rc/clk?jk=66180a0e8141437b&fccid=9ac45d217f8342a1&vjs=3,30+ days ago
Senior Software Development Engineer,Amazon Dev Centre Ireland Ltd,Dublin,https://ie.indeed.com/rc/clk?jk=bda812f11fa82ea1&fccid=fe2d21eef233e94a&vjs=3,12 days ago
Senior Software Development Engineer AWS Lambda (Level 6),Amazon Dev Centre Ireland Ltd,Dublin,https://ie.indeed.com/rc/clk?jk=f2d7a2c7a0c2c588&fccid=fe2d21eef233e94a&vjs=3,12 days ago
Senior Backend Engineer - Tech Platform,Personio GmbH,Dublin,https://ie.indeed.com/rc/clk?jk=22991a4a62ddf81b&fccid=835d0ecd46f355f5&vjs=3,28 days ago
"Senior Platform Engineer (DevOps - Go, Kube, Azure)",Linux Recruit,Dublin,https://ie.indeed.com/rc/clk?jk=d1f5bbcfbb335a33&fccid=c7414b794cb89c1c&vjs=3,30+ days ago
Senior Backend Engineer,Spark,Remote,https://ie.indeed.com/company/Spark/jobs/Senior-Backend-Engineer-0b8d1d2264b34ff8?fccid=33c14d2d525a4ab4&vjs=3,19 days ago
Python Developer,Corvil,Dublin,https://ie.indeed.com/rc/clk?jk=ab67271bf25dbe9a&fccid=182896aba4d28783&vjs=3,30+ days ago
Ethereum Blockchain Engineer (Golang/React/Node/API/Microservice),MCCR Marketing / Bitcoin Marketing Team,Galway,https://ie.indeed.com/rc/clk?cmp=MCCR-Marketing-%2F-Bitcoin-Marketing-Team&ti=Ethereum+Blockchain+Engineer&jk=615b754d66ac206b&fccid=e13ad3dbcb542e7f&vjs=3,29 days ago
Senior Systems Engineer / Infrastructure,Poppulo,Cork,https://ie.indeed.com/rc/clk?jk=d5949d88692bb9ff&fccid=cc91ef531ed9ef30&vjs=3,30+ days ago
Senior Embedded Linux Engineer,VoiceCo,"Bray, County Wicklow",https://ie.indeed.com/rc/clk?jk=7a11082fa4a9945d&fccid=86705faca74cf428&vjs=3,30+ days ago
Senior Software Engineer,Reperio Human Capital,Waterford,https://ie.indeed.com/rc/clk?jk=7432c78ab3414ea0&fccid=79d95b1544240a36&vjs=3,30+ days ago
PHP / WordPress Developer - South East Ireland (Partial Remote),Reperio Human Capital,Waterford,https://ie.indeed.com/rc/clk?jk=46affb1598b8fcea&fccid=79d95b1544240a36&vjs=3,30+ days ago
PHP Developer,Reperio Human Capital,Waterford,https://ie.indeed.com/rc/clk?jk=7525781da8f5dbf1&fccid=79d95b1544240a36&vjs=3,30+ days ago
Full Stack Engineer,XML International,Dublin,https://ie.indeed.com/company/XML-International/jobs/Full-Stack-Engineer-7d2c4755b4c7565a?fccid=9eb01b8077b40dfa&vjs=3,20 days ago
Senior Full Stack Developer (Golang/React/Node/API/Microservice),MCCR Marketing / Bitcoin Marketing Team,Galway,https://ie.indeed.com/rc/clk?cmp=MCCR-Marketing-%2F-Bitcoin-Marketing-Team&ti=Senior+Full+Stack+Developer&jk=e038a20f7426c4e5&fccid=e13ad3dbcb542e7f&vjs=3,29 days ago
Senior Software Engineer,"FireEye, Inc.",Cork,https://ie.indeed.com/rc/clk?jk=3be618911967edd3&fccid=5ed3d6e8b04e853e&vjs=3,30+ days ago
Senior Fullstack Engineer (Scala),Nitro,Dublin,https://ie.indeed.com/rc/clk?jk=ce7182fd33a6d3f1&fccid=b801548a8e6866f5&vjs=3,30+ days ago
PHP Wordpress Developer - Partially Remote,Reperio Human Capital,Waterford,https://ie.indeed.com/rc/clk?jk=d7c1cf74e08889ac&fccid=79d95b1544240a36&vjs=3,30+ days ago
Senior Software Engineer (Blockchain / Java),Reperio Human Capital,Dublin,https://ie.indeed.com/rc/clk?jk=871bd77c950e13e5&fccid=79d95b1544240a36&vjs=3,30+ days ago
Software Developer - Mid/Senior,Reperio Human Capital,Dublin,https://ie.indeed.com/rc/clk?jk=b598b0620f516ceb&fccid=79d95b1544240a36&vjs=3,30+ days ago
Senior Scala Engineer (Account Services),Nitro,Dublin,https://ie.indeed.com/rc/clk?jk=ae5aabd68543d796&fccid=b801548a8e6866f5&vjs=3,30+ days ago
Lead PHP Developer,Reperio Human Capital,Dublin,https://ie.indeed.com/rc/clk?jk=2833a7132f0edbff&fccid=79d95b1544240a36&vjs=3,30+ days ago
"Senior Software Engineer (Cork, Ireland)","Tigera, Inc",Cork,https://ie.indeed.com/rc/clk?jk=29d35466bf8cd83d&fccid=ca27c86825a7c545&vjs=3,30+ days ago
Senior Software Developer (Java / Go),Reperio Human Capital,Dublin,https://ie.indeed.com/rc/clk?jk=ca80710122184647&fccid=79d95b1544240a36&vjs=3,30+ days ago
"Senior Software Engineer, Private Cloud (Ops Manager) (EMEA)",MongoDB,Dublin,https://ie.indeed.com/rc/clk?jk=fb44bb8aafa9d871&fccid=5c80575a010bbc63&vjs=3,30+ days ago
Security Engineer (Remote),Couchbase,Dublin,https://ie.indeed.com/rc/clk?jk=8ca210feea8e0cf9&fccid=587ca793c0027a4f&vjs=3,30+ days ago
Backend Engineer - Tech Platform,Personio GmbH,Dublin,https://ie.indeed.com/rc/clk?jk=f89c286fa54eaca4&fccid=835d0ecd46f355f5&vjs=3,3 days ago
"Software Development Engineer, Amazon Elastic Compute Cloud (Amazon EC2)",Amazon Dev Centre Ireland Ltd,Dublin,https://ie.indeed.com/rc/clk?jk=a20ef57b378b809e&fccid=fe2d21eef233e94a&vjs=3,23 days ago
Senior Software Engineer,FabFitFun,Dublin,https://ie.indeed.com/rc/clk?jk=a33f58bf496ffe62&fccid=53aaa6a330569a86&vjs=3,30+ days ago
Team Lead Cloud Software,Mentor Graphics (Ireland) Limited,"Shannon, County Clare",https://ie.indeed.com/rc/clk?jk=57b7cfacde57ef4a&fccid=3b89b9ec324f96c8&vjs=3,9 days ago
Software Development Engineer,Amazon Dev Centre Ireland Ltd,Dublin,https://ie.indeed.com/rc/clk?jk=33be790f7d79d6c6&fccid=fe2d21eef233e94a&vjs=3,30+ days ago
Data Engineer,Teamwork.com,Cork,https://ie.indeed.com/rc/clk?jk=5260990dab918b04&fccid=f553e9c476a386a3&vjs=3,30+ days ago
Security Detection Engineer,Workday,Dublin,https://ie.indeed.com/rc/clk?jk=fc2ab48586577a79&fccid=9ac45d217f8342a1&vjs=3,9 days ago
Software Engineer,f5,Cork,https://ie.indeed.com/rc/clk?jk=be98a598a0eaa092&fccid=9b3ae8c6fdf5bade&vjs=3,30+ days ago
DevOps Engineer,Houghton Mifflin Harcourt,Dublin,https://ie.indeed.com/rc/clk?jk=c068aeac4607694b&fccid=de944fd9a81b62b0&vjs=3,9 days ago
Senior Site Reliability Engineer,SAP,Dublin,https://ie.indeed.com/rc/clk?jk=de67f2e709c6f610&fccid=156c7820d1988640&vjs=3,26 days ago
Senior Cloud Software Architect,Mentor Graphics (Ireland) Limited,"Shannon, County Clare",https://ie.indeed.com/rc/clk?jk=45fc05bb4dae743e&fccid=3b89b9ec324f96c8&vjs=3,9 days ago
Senior Software Engineer (Payments),FabFitFun,Dublin,https://ie.indeed.com/rc/clk?jk=e19dbb98006d8f90&fccid=53aaa6a330569a86&vjs=3,30+ days ago
Cloud Software Platform Developer,Hewlett Packard Enterprise,Galway,https://ie.indeed.com/rc/clk?jk=d09d64c76be0a57b&fccid=216eb700022de6f6&vjs=3,13 days ago
Software Engineer x 5,Berkley Recruitment Group,Cork,https://ie.indeed.com/rc/clk?jk=9bcb9e5c1545404e&fccid=156e37836c4121f8&vjs=3,20 days ago
Senior Software Engineer - CTO,Dell Technologies,Cork,https://ie.indeed.com/rc/clk?jk=10e631705f70fe29&fccid=dd09fe3b43125016&vjs=3,2 days ago
Senior Front-End Web Developer,Routematch by Uber,Waterford,https://ie.indeed.com/rc/clk?jk=969af26da912f796&fccid=692350260563648f&vjs=3,30+ days ago
Senior Software Development Engineer,Amazon Dev Centre Ireland Ltd,Dublin,https://ie.indeed.com/rc/clk?jk=bda812f11fa82ea1&fccid=fe2d21eef233e94a&vjs=3,12 days ago
Senior Cloud DevOps Engineer,Mentor Graphics (Ireland) Limited,"Shannon, County Clare",https://ie.indeed.com/rc/clk?jk=e27bd144c103542e&fccid=3b89b9ec324f96c8&vjs=3,8 days ago
Open RAN Developer/SME,Dell Technologies,Cork,https://ie.indeed.com/rc/clk?jk=32bc730fb434c94c&fccid=dd09fe3b43125016&vjs=3,30+ days ago
Senior Frontend Engineer - Cloud (TypeScript),Couchbase,Dublin,https://ie.indeed.com/rc/clk?jk=c4b98b4f1adab4ec&fccid=587ca793c0027a4f&vjs=3,30+ days ago
Software Engineer - SRE,"Groupon, Inc.",Dublin,https://ie.indeed.com/rc/clk?jk=655697cd07edc60b&fccid=863ad2cc91c92c82&vjs=3,30+ days ago
"Manager, Site Reliability Engineering - Opportunity for Working Remotely , Cork",Pivotal,Cork,https://ie.indeed.com/rc/clk?jk=fd6c5f39aaf29527&fccid=8e0224999c555006&vjs=3,30+ days ago
Senior Security Engineer – Detection,Workday,Dublin,https://ie.indeed.com/rc/clk?jk=6b5c13e2efc9ea5c&fccid=9ac45d217f8342a1&vjs=3,30+ days ago
"Lead Software Engineer - Dublin, Ireland",UnitedHealth Group,Dublin,https://ie.indeed.com/rc/clk?jk=728943e469667224&fccid=d3d3520998346837&vjs=3,2 days ago
Senior Software Development Engineer AWS Lambda (Level 6),Amazon Dev Centre Ireland Ltd,Dublin,https://ie.indeed.com/rc/clk?jk=f2d7a2c7a0c2c588&fccid=fe2d21eef233e94a&vjs=3,12 days ago
Cloud Engineer - Site Reliability Infrastructure (Golang),Couchbase,Dublin,https://ie.indeed.com/rc/clk?jk=2a9280c43d5fbfb2&fccid=587ca793c0027a4f&vjs=3,30+ days ago
Senior Backend Engineer - Tech Platform,Personio GmbH,Dublin,https://ie.indeed.com/rc/clk?jk=22991a4a62ddf81b&fccid=835d0ecd46f355f5&vjs=3,28 days ago
"Senior Platform Engineer (DevOps - Go, Kube, Azure)",Linux Recruit,Dublin,https://ie.indeed.com/rc/clk?jk=d1f5bbcfbb335a33&fccid=c7414b794cb89c1c&vjs=3,30+ days ago
Senior Software Development Engineer - Workday Extend DevOps/SRE EMEA,Workday,Dublin,https://ie.indeed.com/rc/clk?jk=66180a0e8141437b&fccid=9ac45d217f8342a1&vjs=3,30+ days ago
Senior Backend Engineer,Spark,Remote,https://ie.indeed.com/company/Spark/jobs/Senior-Backend-Engineer-0b8d1d2264b34ff8?fccid=33c14d2d525a4ab4&vjs=3,19 days ago
Python Developer,Corvil,Dublin,https://ie.indeed.com/rc/clk?jk=ab67271bf25dbe9a&fccid=182896aba4d28783&vjs=3,30+ days ago
Senior Systems Engineer / Infrastructure,Poppulo,Cork,https://ie.indeed.com/rc/clk?jk=d5949d88692bb9ff&fccid=cc91ef531ed9ef30&vjs=3,30+ days ago
Senior Software Engineer,Reperio Human Capital,Waterford,https://ie.indeed.com/rc/clk?jk=7432c78ab3414ea0&fccid=79d95b1544240a36&vjs=3,30+ days ago
Full Stack Engineer,XML International,Dublin,https://ie.indeed.com/company/XML-International/jobs/Full-Stack-Engineer-7d2c4755b4c7565a?fccid=9eb01b8077b40dfa&vjs=3,20 days ago
Senior Software Engineer,"FireEye, Inc.",Cork,https://ie.indeed.com/rc/clk?jk=3be618911967edd3&fccid=5ed3d6e8b04e853e&vjs=3,30+ days ago
Senior Embedded Linux Engineer,VoiceCo,"Bray, County Wicklow",https://ie.indeed.com/rc/clk?jk=7a11082fa4a9945d&fccid=86705faca74cf428&vjs=3,30+ days ago
PHP / WordPress Developer - South East Ireland (Partial Remote),Reperio Human Capital,Waterford,https://ie.indeed.com/rc/clk?jk=46affb1598b8fcea&fccid=79d95b1544240a36&vjs=3,30+ days ago
Senior Full Stack Developer (Golang/React/Node/API/Microservice),MCCR Marketing / Bitcoin Marketing Team,Galway,https://ie.indeed.com/rc/clk?cmp=MCCR-Marketing-%2F-Bitcoin-Marketing-Team&ti=Senior+Full+Stack+Developer&jk=e038a20f7426c4e5&fccid=e13ad3dbcb542e7f&vjs=3,29 days ago
Ethereum Blockchain Engineer (Golang/React/Node/API/Microservice),MCCR Marketing / Bitcoin Marketing Team,Galway,https://ie.indeed.com/rc/clk?cmp=MCCR-Marketing-%2F-Bitcoin-Marketing-Team&ti=Ethereum+Blockchain+Engineer&jk=615b754d66ac206b&fccid=e13ad3dbcb542e7f&vjs=3,29 days ago
PHP Developer,Reperio Human Capital,Waterford,https://ie.indeed.com/rc/clk?jk=7525781da8f5dbf1&fccid=79d95b1544240a36&vjs=3,30+ days ago
"Senior Software Engineer (Cork, Ireland)","Tigera, Inc",Cork,https://ie.indeed.com/rc/clk?jk=29d35466bf8cd83d&fccid=ca27c86825a7c545&vjs=3,30+ days ago
PHP Wordpress Developer - Partially Remote,Reperio Human Capital,Waterford,https://ie.indeed.com/rc/clk?jk=d7c1cf74e08889ac&fccid=79d95b1544240a36&vjs=3,30+ days ago
Software Developer - Mid/Senior,Reperio Human Capital,Dublin,https://ie.indeed.com/rc/clk?jk=b598b0620f516ceb&fccid=79d95b1544240a36&vjs=3,30+ days ago
"Senior Software Engineer, Private Cloud (Ops Manager) (EMEA)",MongoDB,Dublin,https://ie.indeed.com/rc/clk?jk=fb44bb8aafa9d871&fccid=5c80575a010bbc63&vjs=3,30+ days ago
Senior Scala Engineer (Account Services),Nitro,Dublin,https://ie.indeed.com/rc/clk?jk=ae5aabd68543d796&fccid=b801548a8e6866f5&vjs=3,30+ days ago
Senior Software Developer (Java / Go),Reperio Human Capital,Dublin,https://ie.indeed.com/rc/clk?jk=ca80710122184647&fccid=79d95b1544240a36&vjs=3,30+ days ago
Lead PHP Developer,Reperio Human Capital,Dublin,https://ie.indeed.com/rc/clk?jk=2833a7132f0edbff&fccid=79d95b1544240a36&vjs=3,30+ days ago
Senior Fullstack Engineer (Scala),Nitro,Dublin,https://ie.indeed.com/rc/clk?jk=ce7182fd33a6d3f1&fccid=b801548a8e6866f5&vjs=3,30+ days ago
Senior Software Engineer (Blockchain / Java),Reperio Human Capital,Dublin,https://ie.indeed.com/rc/clk?jk=871bd77c950e13e5&fccid=79d95b1544240a36&vjs=3,30+ days ago
